"","email"
"1","abdoultenny@outlook.com"
"2","ajuni@dedomenicis.com"
"3","aneel.vasser@gmail.com"
"4","areen-waberer@hotmail.com"
"5","dorian@claisse.com"
"6","elouise@jon.nl"
"7","emmy-rae@haker.be"
"8","fatima_shory@mail.be"
"9","finnegan-macavaddy@yahoo.com"
"10","ghitalamport@hotmail.com"
"11","gregory_winspear@yahoo.com"
"12","halima-frudd@gmail.com"
"13","hannah-maymycroft@msn.be"
"14","hidayah_atwill@yahoo.com"
"15","jasmeet.rudinger@outlook.com"
"16","kray-goldsmith@telenet.be"
"17","kris.kneller@telenet.be"
"18","laci-mai.corpes@yahoo.com"
"19","leyah.brobyn@mail.be"
"20","lilly-mai_leadbitter@gmail.com"
"21","marguerite_burleigh@msn.be"
"22","maybel_quaife@mail.be"
"23","roberts_oattes@yahoo.com"
"24","rosie-leigh-hassall@hotmail.com"
"25","shanique@stansall.nl"
"26","sydneymcgrouther@mail.be"
"27","tahmid@quartly.nl"
"28","tierra-tomek@telenet.be"
